,volume_1
full_heart_mesh_001,131.15083276716445
full_heart_mesh_002,127.68318535640687
full_heart_mesh_003,108.72328279513788
full_heart_mesh_004,139.1852694980946
full_heart_mesh_005,124.61450768745786
full_heart_mesh_006,130.9770441698824
full_heart_mesh_007,119.96864493122862
full_heart_mesh_008,111.40804576335576
full_heart_mesh_009,140.97004484908413
full_heart_mesh_010,126.94468410952895
full_heart_mesh_011,130.93360037354742
full_heart_mesh_012,135.5567218864787
full_heart_mesh_013,139.37571026290672
full_heart_mesh_014,123.74952317863249
full_heart_mesh_015,118.06620802097625
full_heart_mesh_016,135.70768292960494
full_heart_mesh_017,122.75279113844145
full_heart_mesh_018,118.74130863288754
full_heart_mesh_019,129.35888288624622
full_heart_mesh_020,131.91176900399338
full_heart_mesh_021,108.60387385489466
full_heart_mesh_022,136.30868425753968
full_heart_mesh_023,110.41705555736921
full_heart_mesh_024,151.220341124727
full_heart_mesh_025,131.78068992298827
full_heart_mesh_026,136.5786251068195
full_heart_mesh_027,128.65637276217473
full_heart_mesh_028,117.9510624848952
full_heart_mesh_029,131.7210572735656
full_heart_mesh_030,122.0335303229732
full_heart_mesh_031,111.81368153039341
full_heart_mesh_032,126.93896337159663
full_heart_mesh_033,131.78841126789555
full_heart_mesh_034,127.2506891586761
full_heart_mesh_035,116.05140600934749
full_heart_mesh_036,126.66492028935502
full_heart_mesh_037,118.3117561289088
full_heart_mesh_038,128.11274299486834
full_heart_mesh_039,136.70148568469682
full_heart_mesh_040,134.63261194151576
full_heart_mesh_041,121.3232890641344
full_heart_mesh_042,107.63889771810085
full_heart_mesh_043,116.23524370962429
full_heart_mesh_044,119.10595014074335
full_heart_mesh_045,120.76375968512836
full_heart_mesh_046,109.89499703669141
full_heart_mesh_047,137.5556853237768
full_heart_mesh_048,92.438971059843
full_heart_mesh_049,128.2479366292017
full_heart_mesh_050,111.18584573376752
full_heart_mesh_051,124.34263158774614
full_heart_mesh_052,134.32108315950887
full_heart_mesh_053,121.93868744491921
full_heart_mesh_054,137.0220280836707
full_heart_mesh_055,126.01088685301717
full_heart_mesh_056,112.74085635854088
full_heart_mesh_057,127.03943976798803
full_heart_mesh_058,137.58556112478618
full_heart_mesh_059,128.07080610589915
full_heart_mesh_060,141.57858942639808
full_heart_mesh_061,122.3209193000602
full_heart_mesh_062,107.22864587175549
full_heart_mesh_063,138.51319301135825
full_heart_mesh_064,138.73450728223435
full_heart_mesh_065,99.99318836917291
full_heart_mesh_066,126.17253537179256
full_heart_mesh_067,129.38686098044107
full_heart_mesh_068,122.82675588309631
full_heart_mesh_069,120.18100736783198
full_heart_mesh_070,117.49773787949601
full_heart_mesh_071,138.10382469818987
full_heart_mesh_072,103.41495335868578
full_heart_mesh_073,129.47462925510777
full_heart_mesh_074,129.15587610133622
full_heart_mesh_075,128.8136734106425
full_heart_mesh_076,126.0068802560153
full_heart_mesh_077,109.1922792797208
full_heart_mesh_078,130.9344313205654
full_heart_mesh_079,128.48779654505094
full_heart_mesh_080,110.39704403356521
full_heart_mesh_081,127.2433304334327
full_heart_mesh_082,125.33161996495433
full_heart_mesh_083,113.03585533735853
full_heart_mesh_084,126.32421512976255
full_heart_mesh_085,136.83544558364304
full_heart_mesh_086,108.40035008025228
full_heart_mesh_087,140.8302680124554
full_heart_mesh_088,126.7761343812692
full_heart_mesh_089,114.97673457148231
full_heart_mesh_090,134.32511779446227
full_heart_mesh_091,114.99874013723576
full_heart_mesh_092,135.4899790781523
full_heart_mesh_093,135.3410271169718
full_heart_mesh_094,146.34918455971643
full_heart_mesh_095,135.59314858301252
full_heart_mesh_096,144.91116303123022
full_heart_mesh_097,101.24775277196237
full_heart_mesh_098,99.06645490174509
full_heart_mesh_099,127.32338275229351
full_heart_mesh_100,137.18058581550292
full_heart_mesh_101,102.71854916659647
full_heart_mesh_102,111.18467973947168
full_heart_mesh_103,143.03069841418156
full_heart_mesh_104,129.7483213393326
full_heart_mesh_105,113.04860953528336
full_heart_mesh_106,117.8873227185409
full_heart_mesh_107,127.7472310913792
full_heart_mesh_108,99.29619084437762
full_heart_mesh_109,130.36804223851385
full_heart_mesh_110,119.49760121296433
full_heart_mesh_111,120.34171260875334
full_heart_mesh_112,120.14252487419108
full_heart_mesh_113,105.64275840079056
full_heart_mesh_114,128.0860789085165
full_heart_mesh_115,132.56689468930617
full_heart_mesh_116,106.20927184427491
full_heart_mesh_117,119.18861098053372
full_heart_mesh_118,148.16994347288147
full_heart_mesh_119,110.2051216141743
full_heart_mesh_120,146.5061205578153
full_heart_mesh_121,137.03609523511875
full_heart_mesh_122,118.44910508476482
full_heart_mesh_123,121.49923430299637
full_heart_mesh_124,114.59227027582826
full_heart_mesh_125,119.79267683193248
full_heart_mesh_126,127.27563904097623
full_heart_mesh_127,116.65291422075988
full_heart_mesh_128,130.7854325088643
full_heart_mesh_129,128.32294931083962
full_heart_mesh_130,121.86312103824974
full_heart_mesh_131,124.95259776558227
full_heart_mesh_132,130.34697538287028
full_heart_mesh_133,132.44699690782713
full_heart_mesh_134,110.29349062274432
full_heart_mesh_135,106.10745078305047
full_heart_mesh_136,119.57894815136602
full_heart_mesh_137,120.49342059923194
full_heart_mesh_138,119.37958297268308
full_heart_mesh_139,126.60591471181216
full_heart_mesh_140,128.03525768622913
full_heart_mesh_141,122.90495631104643
full_heart_mesh_142,127.04466800788309
full_heart_mesh_143,125.56952047191965
full_heart_mesh_144,125.71505715384093
full_heart_mesh_145,112.6961352846601
full_heart_mesh_146,116.19404051891064
full_heart_mesh_147,124.49640773585745
full_heart_mesh_148,101.29095802820059
full_heart_mesh_149,114.77654937999007
full_heart_mesh_150,103.86927681758927
full_heart_mesh_151,110.5109327476058
full_heart_mesh_152,138.76429428086672
full_heart_mesh_153,146.56529915315517
full_heart_mesh_154,113.11495294510912
full_heart_mesh_155,125.41482588344665
full_heart_mesh_156,123.86695080327628
full_heart_mesh_157,135.2061917787978
full_heart_mesh_158,119.10038814692412
full_heart_mesh_159,128.8404229829354
full_heart_mesh_160,136.1480906013409
full_heart_mesh_161,136.27560245619043
full_heart_mesh_162,129.93349346616844
full_heart_mesh_163,124.56397372187548
full_heart_mesh_164,129.77504572807266
full_heart_mesh_165,123.94011029015283
full_heart_mesh_166,123.04409603581232
full_heart_mesh_167,135.4798410726858
full_heart_mesh_168,128.78490063432275
full_heart_mesh_169,125.83590571963518
full_heart_mesh_170,138.6346722500553
full_heart_mesh_171,112.83385904070857
full_heart_mesh_172,128.64433608813403
full_heart_mesh_173,123.28277644129298
full_heart_mesh_174,129.5160287683384
full_heart_mesh_175,131.45033865085753
full_heart_mesh_176,127.93322537913222
full_heart_mesh_177,150.84625109748913
full_heart_mesh_178,139.28668533945026
full_heart_mesh_179,127.70580332749769
full_heart_mesh_180,130.97252045959766
full_heart_mesh_181,134.94899662476286
full_heart_mesh_182,122.1230019173542
full_heart_mesh_183,113.38680618802792
full_heart_mesh_184,123.3974137098841
full_heart_mesh_185,143.0619251223911
full_heart_mesh_186,111.61286201189077
full_heart_mesh_187,116.75287042208078
full_heart_mesh_188,121.68670727688304
full_heart_mesh_189,89.03001273473231
full_heart_mesh_190,124.52764148548158
full_heart_mesh_191,133.76724125879156
full_heart_mesh_192,130.89229406495022
full_heart_mesh_193,127.48606477120592
full_heart_mesh_194,115.46675711858352
full_heart_mesh_195,144.17392957980928
full_heart_mesh_196,127.89544671244516
full_heart_mesh_197,115.81707887668748
full_heart_mesh_198,126.94520361938062
full_heart_mesh_199,139.22861031848038
full_heart_mesh_200,107.74921425116897
full_heart_mesh_201,117.12717029891637
full_heart_mesh_202,136.52085177656355
full_heart_mesh_203,143.1799451550661
full_heart_mesh_204,138.62942839426364
full_heart_mesh_205,123.11920603766211
full_heart_mesh_206,115.15267135559101
full_heart_mesh_207,129.5322476752495
full_heart_mesh_208,121.38225942548347
full_heart_mesh_209,118.78406006729968
full_heart_mesh_210,135.43392640451802
full_heart_mesh_211,120.37913083507696
full_heart_mesh_212,147.21835410086288
full_heart_mesh_213,133.5636597631776
full_heart_mesh_214,130.24478763103383
full_heart_mesh_215,136.04479326794902
full_heart_mesh_216,123.60172968888342
full_heart_mesh_217,119.67687997032787
full_heart_mesh_218,146.1798027915457
full_heart_mesh_219,144.3033775192414
full_heart_mesh_220,102.04607999804644
full_heart_mesh_221,132.7718294228268
full_heart_mesh_222,147.15567267289376
full_heart_mesh_223,126.41711433561389
full_heart_mesh_224,128.84679259457835
full_heart_mesh_225,116.1865203420309
full_heart_mesh_226,123.30228981938049
full_heart_mesh_227,146.3815684263264
full_heart_mesh_228,137.03508971164666
full_heart_mesh_229,128.31412049394646
full_heart_mesh_230,118.70013155280701
full_heart_mesh_231,108.99937519298355
full_heart_mesh_232,129.70379071123938
full_heart_mesh_233,150.30023210170773
full_heart_mesh_234,131.97977388029355
full_heart_mesh_235,130.12444937073784
full_heart_mesh_236,128.87841665456332
full_heart_mesh_237,110.68584285194333
full_heart_mesh_238,135.06397264577845
full_heart_mesh_239,95.34195685888331
full_heart_mesh_240,116.56899076180683
full_heart_mesh_241,111.99406194401378
full_heart_mesh_242,140.36387597833595
full_heart_mesh_243,85.2216316911811
full_heart_mesh_244,134.55488875851643
full_heart_mesh_245,125.6772506577093
full_heart_mesh_246,114.17229568601157
full_heart_mesh_247,125.65932073626823
full_heart_mesh_248,133.05431201305217
full_heart_mesh_249,124.79902970444505
full_heart_mesh_250,119.74367023826197
full_heart_mesh_251,121.85551439799472
full_heart_mesh_252,125.72377240899831
full_heart_mesh_253,107.34016548110287
full_heart_mesh_254,126.45950836898909
full_heart_mesh_255,124.99093429900006
full_heart_mesh_256,95.41573449652607
full_heart_mesh_257,102.32182069551395
full_heart_mesh_258,126.90629843502103
full_heart_mesh_259,117.96949408441733
full_heart_mesh_260,123.90792508964196
full_heart_mesh_261,109.11043349676298
full_heart_mesh_262,142.64961155917052
full_heart_mesh_263,141.55369825281082
full_heart_mesh_264,125.2831551580822
full_heart_mesh_265,139.64363296441445
full_heart_mesh_266,133.6479371760133
full_heart_mesh_267,104.37500509470918
full_heart_mesh_268,136.52005287501848
full_heart_mesh_269,122.54447369333342
full_heart_mesh_270,131.34558809163605
full_heart_mesh_271,111.20933637298172
full_heart_mesh_272,116.69359858637567
full_heart_mesh_273,110.60077154419082
full_heart_mesh_274,115.12383885578815
full_heart_mesh_275,140.1123315596649
full_heart_mesh_276,133.30852126333505
full_heart_mesh_277,118.94323825741384
full_heart_mesh_278,106.31845659317977
full_heart_mesh_279,118.83492254520155
full_heart_mesh_280,110.69434247202138
full_heart_mesh_281,118.3824889488607
full_heart_mesh_282,133.87218355140442
full_heart_mesh_283,124.92118973097651
full_heart_mesh_284,124.46200169454576
full_heart_mesh_285,142.65885410170446
full_heart_mesh_286,114.83480569719076
full_heart_mesh_287,119.13131441317707
full_heart_mesh_288,145.93561566517255
full_heart_mesh_289,129.49860668094567
full_heart_mesh_290,121.8141566394674
full_heart_mesh_291,143.34767091287677
full_heart_mesh_292,107.22394870343804
full_heart_mesh_293,126.8090786678533
full_heart_mesh_294,126.55040553067043
full_heart_mesh_295,111.67858907334241
full_heart_mesh_296,121.93536996084087
full_heart_mesh_297,123.72540072472542
full_heart_mesh_298,124.52169955210145
full_heart_mesh_299,124.93604931266147
full_heart_mesh_300,143.252010388138
full_heart_mesh_301,131.04349634470063
full_heart_mesh_302,112.14336050636439
full_heart_mesh_303,142.7828097220212
full_heart_mesh_304,128.54213237178482
full_heart_mesh_305,109.06849005626827
full_heart_mesh_306,108.74457320706833
full_heart_mesh_307,116.4877197020436
full_heart_mesh_308,133.03969772569567
full_heart_mesh_309,112.6876569887462
full_heart_mesh_310,135.4672688700379
full_heart_mesh_311,114.34875959211479
full_heart_mesh_312,116.48188131456187
full_heart_mesh_313,123.88668433985404
full_heart_mesh_314,122.59007347796776
full_heart_mesh_315,109.11585757638542
full_heart_mesh_316,122.46284163287622
full_heart_mesh_317,131.00280039561562
full_heart_mesh_318,104.65389878217978
full_heart_mesh_319,112.47050492711207
full_heart_mesh_320,99.63536816343586
full_heart_mesh_321,108.54877995551914
full_heart_mesh_322,130.66950711535998
full_heart_mesh_323,130.76896252511668
full_heart_mesh_324,138.77864363194558
full_heart_mesh_325,133.2337773147119
full_heart_mesh_326,132.0233851915249
full_heart_mesh_327,135.66204152557341
full_heart_mesh_328,127.39833913777575
full_heart_mesh_329,121.4444806432739
full_heart_mesh_330,121.5695269619944
full_heart_mesh_331,120.69817410494832
full_heart_mesh_332,158.0486863190066
full_heart_mesh_333,106.79511322057581
full_heart_mesh_334,121.2762938915552
full_heart_mesh_335,129.06620108785705
full_heart_mesh_336,117.57586960351533
full_heart_mesh_337,104.48395169414972
full_heart_mesh_338,121.38348415749142
full_heart_mesh_339,141.28137867233568
full_heart_mesh_340,138.71904427143264
full_heart_mesh_341,128.33359781486382
full_heart_mesh_342,115.68294922104756
full_heart_mesh_343,134.90851031997494
full_heart_mesh_344,112.61442703243738
full_heart_mesh_345,137.22216542036978
full_heart_mesh_346,137.44436595121252
full_heart_mesh_347,154.96911410383905
full_heart_mesh_348,145.64194833127408
full_heart_mesh_349,114.91730698139756
full_heart_mesh_350,128.75392143660335
full_heart_mesh_351,141.53292443804878
full_heart_mesh_352,144.1540675449817
full_heart_mesh_353,130.9976330252607
full_heart_mesh_354,125.8110755286331
full_heart_mesh_355,134.25456004955694
full_heart_mesh_356,106.81327670985411
full_heart_mesh_357,136.75099176403134
full_heart_mesh_358,131.0055408585935
full_heart_mesh_359,106.46649387907678
full_heart_mesh_360,125.96788501282387
full_heart_mesh_361,138.9364465797181
full_heart_mesh_362,120.65617863168453
full_heart_mesh_363,104.28043688353651
full_heart_mesh_364,129.72048447379134
full_heart_mesh_365,118.11953555314058
full_heart_mesh_366,135.58121288857987
full_heart_mesh_367,126.26652887405209
full_heart_mesh_368,125.93194900149176
full_heart_mesh_369,124.43636061193368
full_heart_mesh_370,130.72046703726062
full_heart_mesh_371,129.23654040106942
full_heart_mesh_372,124.35628571130107
full_heart_mesh_373,111.31322849237519
full_heart_mesh_374,115.70474855311804
full_heart_mesh_375,137.53507001075536
full_heart_mesh_376,126.5266589052907
full_heart_mesh_377,129.4547376598005
full_heart_mesh_378,119.02202092674817
full_heart_mesh_379,132.90543593105286
full_heart_mesh_380,115.38593238455151
full_heart_mesh_381,129.03636523830642
full_heart_mesh_382,105.88163466721157
full_heart_mesh_383,135.64541216002408
full_heart_mesh_384,98.13504599925346
full_heart_mesh_385,117.2491805438509
full_heart_mesh_386,139.67472731009315
full_heart_mesh_387,150.076843595738
full_heart_mesh_388,129.4626684277409
full_heart_mesh_389,125.41623840187458
full_heart_mesh_390,99.76431195835445
full_heart_mesh_391,100.07512476750098
full_heart_mesh_392,135.0968659373364
full_heart_mesh_393,107.30298326416188
full_heart_mesh_394,108.4760447627038
full_heart_mesh_395,126.27381375288842
full_heart_mesh_396,128.59403664929582
full_heart_mesh_397,120.89785453854783
full_heart_mesh_398,122.31681263743499
full_heart_mesh_399,132.47133962186163
full_heart_mesh_400,142.78355790742287
full_heart_mesh_401,137.220665542668
full_heart_mesh_402,143.96536598632582
full_heart_mesh_403,119.56489520877328
full_heart_mesh_404,131.58202873965635
full_heart_mesh_405,140.3778429000394
full_heart_mesh_406,135.10449131720648
full_heart_mesh_407,113.22814412508056
full_heart_mesh_408,139.24391779468687
full_heart_mesh_409,126.29985992571659
full_heart_mesh_410,110.6023568890091
full_heart_mesh_411,138.65781837352887
full_heart_mesh_412,132.03528058550717
full_heart_mesh_413,131.04110703245857
full_heart_mesh_414,102.92828102696905
full_heart_mesh_415,156.16768565130033
full_heart_mesh_416,133.61965578686363
full_heart_mesh_417,142.47484456384655
full_heart_mesh_418,127.92216644173625
full_heart_mesh_419,114.97724269886321
full_heart_mesh_420,141.63290833439103
full_heart_mesh_421,123.49100832387106
full_heart_mesh_422,139.7401130617428
full_heart_mesh_423,130.62739657557393
full_heart_mesh_424,145.8069719704387
full_heart_mesh_425,122.1097587968194
full_heart_mesh_426,110.33178077569148
full_heart_mesh_427,101.6277945213922
full_heart_mesh_428,136.792174503869
full_heart_mesh_429,132.43353266315148
full_heart_mesh_430,104.81326528075601
full_heart_mesh_431,118.51413176385333
full_heart_mesh_432,136.91786851222352
full_heart_mesh_433,123.27586382992682
full_heart_mesh_434,133.65872357678123
full_heart_mesh_435,108.88239252483925
full_heart_mesh_436,141.4100452811144
full_heart_mesh_437,121.75744155064054
full_heart_mesh_438,108.53504712891257
full_heart_mesh_439,141.31605705413762
full_heart_mesh_440,129.30154693082483
full_heart_mesh_441,128.0556511621413
full_heart_mesh_442,125.37501819884814
full_heart_mesh_443,156.01948716168056
full_heart_mesh_444,135.87669617098655
full_heart_mesh_445,110.90091141276378
full_heart_mesh_446,139.5513955026304
full_heart_mesh_447,108.36903372724252
full_heart_mesh_448,131.26849981181633
full_heart_mesh_449,122.3156824783361
full_heart_mesh_450,113.5523757427616
full_heart_mesh_451,122.26622939673246
full_heart_mesh_452,143.38587423909308
full_heart_mesh_453,130.6649094209484
full_heart_mesh_454,122.55736737617785
full_heart_mesh_455,126.54616317259831
full_heart_mesh_456,120.90800810149946
full_heart_mesh_457,135.20402561543142
full_heart_mesh_458,112.52443615929266
full_heart_mesh_459,159.13179541516058
full_heart_mesh_460,113.53848659530898
full_heart_mesh_461,145.92400968747063
full_heart_mesh_462,124.01377321380656
full_heart_mesh_463,130.60381765268525
full_heart_mesh_464,121.09367395612284
full_heart_mesh_465,138.74201199691188
full_heart_mesh_466,134.1591539323988
full_heart_mesh_467,122.49307630392845
full_heart_mesh_468,136.75219070071364
full_heart_mesh_469,118.79499399342858
full_heart_mesh_470,105.33273520850946
full_heart_mesh_471,123.09134769513072
full_heart_mesh_472,129.08846958731928
full_heart_mesh_473,129.8218612025509
full_heart_mesh_474,130.8684192339791
full_heart_mesh_475,116.8781431808683
full_heart_mesh_476,120.41551726694634
full_heart_mesh_477,114.09577128150731
full_heart_mesh_478,108.81099805536725
full_heart_mesh_479,136.81267779161
full_heart_mesh_480,117.4197634313811
full_heart_mesh_481,123.62809769578772
full_heart_mesh_482,112.2500844619033
full_heart_mesh_483,114.16856177440508
full_heart_mesh_484,122.89035510289258
full_heart_mesh_485,142.45602537474025
full_heart_mesh_486,135.65900882003945
full_heart_mesh_487,130.74949273871852
full_heart_mesh_488,116.65770516298262
full_heart_mesh_489,115.35830640784178
full_heart_mesh_490,141.87815065102967
full_heart_mesh_491,129.07782804716797
full_heart_mesh_492,128.33892255551913
full_heart_mesh_493,133.76079492286928
full_heart_mesh_494,95.4188315887111
full_heart_mesh_495,122.07295300553861
full_heart_mesh_496,118.05784277478477
full_heart_mesh_497,124.94195088947579
full_heart_mesh_498,134.7453095312528
full_heart_mesh_499,118.76742041965879
full_heart_mesh_500,131.86104967014802
full_heart_mesh_501,134.89820520956926
full_heart_mesh_502,138.12293168954713
full_heart_mesh_503,111.48191008518988
full_heart_mesh_504,139.1378623845012
full_heart_mesh_505,127.54797237032909
full_heart_mesh_506,120.08974145388545
full_heart_mesh_507,122.70287678277771
full_heart_mesh_508,144.33521977586054
full_heart_mesh_509,109.38742389884669
full_heart_mesh_510,130.32570024266926
full_heart_mesh_511,115.86733748255449
full_heart_mesh_512,150.21491706544748
full_heart_mesh_513,136.95795269291943
full_heart_mesh_514,97.12856024528264
full_heart_mesh_515,119.12249633259208
full_heart_mesh_516,136.338894935298
full_heart_mesh_517,103.79649319451191
full_heart_mesh_518,136.19133814803303
full_heart_mesh_519,113.06470271023777
full_heart_mesh_520,95.45972058435044
full_heart_mesh_521,133.35614896346286
full_heart_mesh_522,139.05627921193786
full_heart_mesh_523,110.16983029014364
full_heart_mesh_524,111.07557129668602
full_heart_mesh_525,137.59096289558835
full_heart_mesh_526,137.128476932804
full_heart_mesh_527,113.10705672609087
full_heart_mesh_528,141.168741007872
full_heart_mesh_529,152.7602834645169
full_heart_mesh_530,120.32078688620375
full_heart_mesh_531,113.9949339848094
full_heart_mesh_532,146.30020575551856
full_heart_mesh_533,108.59643499677877
full_heart_mesh_534,131.36117786894113
full_heart_mesh_535,106.4834502970386
full_heart_mesh_536,126.18792977905663
full_heart_mesh_537,143.68379084955814
full_heart_mesh_538,134.26661162171084
full_heart_mesh_539,152.72048253732652
full_heart_mesh_540,135.65087602948802
full_heart_mesh_541,154.81487332027694
full_heart_mesh_542,108.31808770173333
full_heart_mesh_543,135.7184451642309
full_heart_mesh_544,130.22060116700158
full_heart_mesh_545,121.65943550399751
full_heart_mesh_546,134.60526664659838
full_heart_mesh_547,142.02693094695522
full_heart_mesh_548,133.39680371830488
full_heart_mesh_549,139.59595764633912
full_heart_mesh_550,131.09551823351666
full_heart_mesh_551,124.70644132151601
full_heart_mesh_552,143.42194859303555
full_heart_mesh_553,134.64277025148905
full_heart_mesh_554,126.86600552806043
full_heart_mesh_555,127.87847365357715
full_heart_mesh_556,128.70461657173513
full_heart_mesh_557,133.9888939132331
full_heart_mesh_558,144.05797341702677
full_heart_mesh_559,127.77348526510595
full_heart_mesh_560,125.06008945760348
full_heart_mesh_561,132.9946888570098
full_heart_mesh_562,125.88841002133972
full_heart_mesh_563,125.50196469458042
full_heart_mesh_564,129.81578848925687
full_heart_mesh_565,144.4570235900784
full_heart_mesh_566,117.12352160413603
full_heart_mesh_567,126.41952960105581
full_heart_mesh_568,128.82251599085745
full_heart_mesh_569,132.5031021018992
full_heart_mesh_570,105.02397521027842
full_heart_mesh_571,145.45464020974632
full_heart_mesh_572,108.27042116370123
full_heart_mesh_573,102.63344982912942
full_heart_mesh_574,109.29360339207155
full_heart_mesh_575,122.77950053404194
full_heart_mesh_576,108.69126010793501
full_heart_mesh_577,116.45203178185986
full_heart_mesh_578,117.13872787104347
full_heart_mesh_579,154.46272496151215
full_heart_mesh_580,128.76381801750807
full_heart_mesh_581,100.44603606241589
full_heart_mesh_582,112.53668451760429
full_heart_mesh_583,121.64728128723925
full_heart_mesh_584,134.76342429962125
full_heart_mesh_585,108.7951722777383
full_heart_mesh_586,130.54105643145877
full_heart_mesh_587,124.94549476525046
full_heart_mesh_588,136.3457663569202
full_heart_mesh_589,107.0430439495236
full_heart_mesh_590,136.50182360071486
full_heart_mesh_591,145.29983003323207
full_heart_mesh_592,110.82398266979294
full_heart_mesh_593,119.52016842493066
full_heart_mesh_594,141.35202753197925
full_heart_mesh_595,145.50501072345978
full_heart_mesh_596,141.55134497005463
full_heart_mesh_597,155.39093668102555
full_heart_mesh_598,82.35387389724178
full_heart_mesh_599,114.13003176466628
full_heart_mesh_600,126.7981354220795
full_heart_mesh_601,133.64410305267305
full_heart_mesh_602,149.37344749964427
full_heart_mesh_603,124.0212219158216
full_heart_mesh_604,118.48146389281594
full_heart_mesh_605,117.88652194501661
full_heart_mesh_606,130.47047648753937
full_heart_mesh_607,125.12783394392483
full_heart_mesh_608,108.5677516535533
full_heart_mesh_609,122.6172091758273
full_heart_mesh_610,108.59981820844662
full_heart_mesh_611,106.14928095267187
full_heart_mesh_612,109.06755924869427
full_heart_mesh_613,110.39437739448199
full_heart_mesh_614,117.21703145168324
full_heart_mesh_615,125.13423006377836
full_heart_mesh_616,133.54619465585859
full_heart_mesh_617,133.9202515236975
full_heart_mesh_618,130.06224531745377
full_heart_mesh_619,139.62193797122492
full_heart_mesh_620,133.3008634601136
full_heart_mesh_621,147.7235953541683
full_heart_mesh_622,124.96122458086407
full_heart_mesh_623,104.21492338444719
full_heart_mesh_624,137.11475918541862
full_heart_mesh_625,118.26805317001806
full_heart_mesh_626,110.33024407796096
full_heart_mesh_627,105.47884306212588
full_heart_mesh_628,110.15378559002099
full_heart_mesh_629,105.08944080901654
full_heart_mesh_630,132.7068980856809
full_heart_mesh_631,127.99721675739102
full_heart_mesh_632,121.93295692501398
full_heart_mesh_633,117.78233807189284
full_heart_mesh_634,122.8325058844183
full_heart_mesh_635,138.1264854476755
full_heart_mesh_636,107.88468430361432
full_heart_mesh_637,130.5506972950606
full_heart_mesh_638,118.82934164974918
full_heart_mesh_639,116.65602012938943
full_heart_mesh_640,122.83109234970668
full_heart_mesh_641,120.46707354112574
full_heart_mesh_642,116.98453358861903
full_heart_mesh_643,114.55509350000969
full_heart_mesh_644,138.8751913046495
full_heart_mesh_645,138.23256042208766
full_heart_mesh_646,127.86354332342025
full_heart_mesh_647,125.86036303059409
full_heart_mesh_648,137.87400853391622
full_heart_mesh_649,119.68553714482411
full_heart_mesh_650,104.98198585618495
full_heart_mesh_651,128.0516277925207
full_heart_mesh_652,142.73150850831115
full_heart_mesh_653,134.32727825562972
full_heart_mesh_654,146.87509021671613
full_heart_mesh_655,124.17615330587601
full_heart_mesh_656,143.29877890569298
full_heart_mesh_657,116.15244515873214
full_heart_mesh_658,138.4193501984009
full_heart_mesh_659,118.48207444748078
full_heart_mesh_660,128.82372811756298
full_heart_mesh_661,131.2519274521694
full_heart_mesh_662,114.63096659844975
full_heart_mesh_663,124.68546811610955
full_heart_mesh_664,110.66535882442597
full_heart_mesh_665,126.67836603172763
full_heart_mesh_666,133.7419823471698
full_heart_mesh_667,133.35775031349448
full_heart_mesh_668,128.76031337781276
full_heart_mesh_669,118.94191038205669
full_heart_mesh_670,128.25596866125363
full_heart_mesh_671,125.31161985781237
full_heart_mesh_672,109.01213360410986
full_heart_mesh_673,132.50161267765336
full_heart_mesh_674,127.73709446472967
full_heart_mesh_675,117.21791349807164
full_heart_mesh_676,147.55174732172858
full_heart_mesh_677,135.7132312183341
full_heart_mesh_678,115.33539154651208
full_heart_mesh_679,120.42363101116408
full_heart_mesh_680,137.81609512034788
full_heart_mesh_681,107.65703035238303
full_heart_mesh_682,118.90914538361818
full_heart_mesh_683,128.14020693703102
full_heart_mesh_684,120.54434892073526
full_heart_mesh_685,118.26249837610882
full_heart_mesh_686,129.41988028460926
full_heart_mesh_687,130.6021813561659
full_heart_mesh_688,113.91920085639212
full_heart_mesh_689,116.69201514447431
full_heart_mesh_690,136.22414284068208
full_heart_mesh_691,120.45860361119446
full_heart_mesh_692,108.04782070503987
full_heart_mesh_693,119.37082639694016
full_heart_mesh_694,121.55010100245842
full_heart_mesh_695,123.5021923431502
full_heart_mesh_696,114.18134506372142
full_heart_mesh_697,128.77466897281423
full_heart_mesh_698,114.73795253840868
full_heart_mesh_699,145.7790636879607
full_heart_mesh_700,125.78460576405554
full_heart_mesh_701,117.99333774566779
full_heart_mesh_702,138.48876122089018
full_heart_mesh_703,116.34313956977181
full_heart_mesh_704,114.50249562244538
full_heart_mesh_705,138.49279644561142
full_heart_mesh_706,119.32097915484417
full_heart_mesh_707,136.8494295554741
full_heart_mesh_708,108.76315081914628
full_heart_mesh_709,129.054161134432
full_heart_mesh_710,120.57971232379083
full_heart_mesh_711,116.0049571447921
full_heart_mesh_712,125.79615333220588
full_heart_mesh_713,151.0848140998964
full_heart_mesh_714,111.79357389150363
full_heart_mesh_715,120.87109049571633
full_heart_mesh_716,124.41104491963905
full_heart_mesh_717,137.16995526186105
full_heart_mesh_718,128.17728769935954
full_heart_mesh_719,136.56118548981866
full_heart_mesh_720,125.76252909759624
full_heart_mesh_721,109.61594986402076
full_heart_mesh_722,138.5003842301836
full_heart_mesh_723,110.20508961179215
full_heart_mesh_724,117.8802115188139
full_heart_mesh_725,128.93552818372982
full_heart_mesh_726,115.47285760383363
full_heart_mesh_727,133.74818979017334
full_heart_mesh_728,131.5276930937089
full_heart_mesh_729,136.05260662740912
full_heart_mesh_730,120.17309856549487
full_heart_mesh_731,114.49677877972832
full_heart_mesh_732,128.62973286818323
full_heart_mesh_733,140.7773462513834
full_heart_mesh_734,99.97912991675697
full_heart_mesh_735,131.32419070201126
full_heart_mesh_736,121.1513314870158
full_heart_mesh_737,117.37473977576167
full_heart_mesh_738,121.48788184616696
full_heart_mesh_739,136.9570866762253
full_heart_mesh_740,121.41928421453221
full_heart_mesh_741,133.9020895129174
full_heart_mesh_742,128.9034731779252
full_heart_mesh_743,124.22983725084377
full_heart_mesh_744,119.17143811907235
full_heart_mesh_745,145.65549607816175
full_heart_mesh_746,115.87890692857097
full_heart_mesh_747,126.65828288048198
full_heart_mesh_748,129.26852104272174
full_heart_mesh_749,111.93012207191265
full_heart_mesh_750,129.7120493996367
full_heart_mesh_751,123.348285474206
full_heart_mesh_752,132.71052694334344
full_heart_mesh_753,117.36581582443199
full_heart_mesh_754,120.62118359513565
full_heart_mesh_755,109.63945677654031
full_heart_mesh_756,118.71679789585255
full_heart_mesh_757,106.68158630415482
full_heart_mesh_758,124.38455674319864
full_heart_mesh_759,114.56245296410438
full_heart_mesh_760,123.3235840080909
full_heart_mesh_761,126.69424400219502
full_heart_mesh_762,108.04411757331549
full_heart_mesh_763,131.50344406753584
full_heart_mesh_764,131.30959449872083
full_heart_mesh_765,117.92253203931364
full_heart_mesh_766,127.72472205330315
full_heart_mesh_767,133.40117259122817
full_heart_mesh_768,139.3772146542925
full_heart_mesh_769,116.79575817704637
full_heart_mesh_770,130.3836032678711
full_heart_mesh_771,123.78304124326367
full_heart_mesh_772,119.99863510444824
full_heart_mesh_773,127.55473016654199
full_heart_mesh_774,118.55993073730214
full_heart_mesh_775,121.29637407809706
full_heart_mesh_776,131.4051277379659
full_heart_mesh_777,127.5311419732814
full_heart_mesh_778,130.8970414049422
full_heart_mesh_779,122.39521272644942
full_heart_mesh_780,116.15599343069277
full_heart_mesh_781,125.51073816003017
full_heart_mesh_782,131.24894164523317
full_heart_mesh_783,123.17534882783238
full_heart_mesh_784,142.35750979793062
full_heart_mesh_785,117.20429844986889
full_heart_mesh_786,134.68439223628374
full_heart_mesh_787,107.19632081792713
full_heart_mesh_788,122.9193064673467
full_heart_mesh_789,119.65021151270179
full_heart_mesh_790,134.96825940270384
full_heart_mesh_791,111.64606047222854
full_heart_mesh_792,128.8568091901138
full_heart_mesh_793,134.2935946496292
full_heart_mesh_794,136.9781360406282
full_heart_mesh_795,123.40867280361971
full_heart_mesh_796,124.33382462917439
full_heart_mesh_797,125.1771963984188
full_heart_mesh_798,105.44625294048944
full_heart_mesh_799,123.12372638693951
full_heart_mesh_800,136.54146624970235
full_heart_mesh_801,121.57662482526358
full_heart_mesh_802,101.2133631065351
full_heart_mesh_803,116.82763389440224
full_heart_mesh_804,139.38303215808938
full_heart_mesh_805,138.0105445049286
full_heart_mesh_806,133.31060348325835
full_heart_mesh_807,135.64580930634247
full_heart_mesh_808,122.92963756957747
full_heart_mesh_809,125.00296051696883
full_heart_mesh_810,133.07929066873427
full_heart_mesh_811,109.16507351858903
full_heart_mesh_812,136.8443775567119
full_heart_mesh_813,112.40053431092291
full_heart_mesh_814,131.69483925486307
full_heart_mesh_815,112.58599757441613
full_heart_mesh_816,129.45273178312362
full_heart_mesh_817,133.1238728245048
full_heart_mesh_818,104.55641530542661
full_heart_mesh_819,116.30123721127322
full_heart_mesh_820,135.55358569460478
full_heart_mesh_821,149.6832887558198
full_heart_mesh_822,127.71629690012787
full_heart_mesh_823,128.8174158296442
full_heart_mesh_824,144.50457854770698
full_heart_mesh_825,138.2182733362059
full_heart_mesh_826,137.51868481848146
full_heart_mesh_827,138.83629841719198
full_heart_mesh_828,138.70747249960704
full_heart_mesh_829,158.80052922830185
full_heart_mesh_830,120.40335757268551
full_heart_mesh_831,125.61175353595851
full_heart_mesh_832,136.30445532837672
full_heart_mesh_833,141.2112643968823
full_heart_mesh_834,112.20426569853241
full_heart_mesh_835,115.56089523698898
full_heart_mesh_836,108.11513472552777
full_heart_mesh_837,127.40212431902837
full_heart_mesh_838,127.77032665396975
full_heart_mesh_839,128.536580517346
full_heart_mesh_840,126.25612316717978
full_heart_mesh_841,130.349973819205
full_heart_mesh_842,115.21687577245115
full_heart_mesh_843,128.72316180424184
full_heart_mesh_844,140.68419799711697
full_heart_mesh_845,120.02186496267835
full_heart_mesh_846,121.78019366943163
full_heart_mesh_847,126.92712152556537
full_heart_mesh_848,136.3054340522646
full_heart_mesh_849,118.94950967614403
full_heart_mesh_850,125.89250720618342
full_heart_mesh_851,134.39492540214854
full_heart_mesh_852,127.63613780109456
full_heart_mesh_853,112.40162394965833
full_heart_mesh_854,124.45889158501001
full_heart_mesh_855,126.18621234978463
full_heart_mesh_856,119.636146108525
full_heart_mesh_857,144.22620030637464
full_heart_mesh_858,146.58574301200733
full_heart_mesh_859,102.64622083324183
full_heart_mesh_860,126.14141842000217
full_heart_mesh_861,146.27885947687466
full_heart_mesh_862,123.35803886062429
full_heart_mesh_863,122.65572405083655
full_heart_mesh_864,142.6910731616022
full_heart_mesh_865,136.3806467106895
full_heart_mesh_866,122.35690501771731
full_heart_mesh_867,130.09414692548478
full_heart_mesh_868,128.35507199891097
full_heart_mesh_869,131.02930334079684
full_heart_mesh_870,126.80283375752275
full_heart_mesh_871,126.27455355917776
full_heart_mesh_872,128.09274800746797
full_heart_mesh_873,153.08310280650207
full_heart_mesh_874,146.41377516082466
full_heart_mesh_875,113.18447535500445
full_heart_mesh_876,124.10851378526219
full_heart_mesh_877,135.2234369934577
full_heart_mesh_878,107.62485823193403
full_heart_mesh_879,100.80702238795503
full_heart_mesh_880,119.7591644438423
full_heart_mesh_881,140.95132347936834
full_heart_mesh_882,119.76789203157652
full_heart_mesh_883,118.71126741289802
full_heart_mesh_884,121.11192329746551
full_heart_mesh_885,129.91609730138393
full_heart_mesh_886,108.42779020160172
full_heart_mesh_887,116.81032604268376
full_heart_mesh_888,134.76847081066
full_heart_mesh_889,115.27315995878737
full_heart_mesh_890,137.12682870040518
full_heart_mesh_891,135.45584621924786
full_heart_mesh_892,125.48542576012859
full_heart_mesh_893,124.18981992330342
full_heart_mesh_894,133.75650111458907
full_heart_mesh_895,121.63134112832924
full_heart_mesh_896,126.30637657527966
full_heart_mesh_897,130.65849991243928
full_heart_mesh_898,121.87873488675699
full_heart_mesh_899,135.65998967379676
full_heart_mesh_900,114.12483788775906
full_heart_mesh_901,123.21793420186067
full_heart_mesh_902,111.33321215353735
full_heart_mesh_903,138.2057444465719
full_heart_mesh_904,109.48785856348853
full_heart_mesh_905,139.4286522047901
full_heart_mesh_906,123.63375239569417
full_heart_mesh_907,135.66445895348858
full_heart_mesh_908,115.59275142578713
full_heart_mesh_909,135.60921853709792
full_heart_mesh_910,108.45481447210179
full_heart_mesh_911,129.12381075478237
full_heart_mesh_912,141.05048326744694
full_heart_mesh_913,132.50247125313717
full_heart_mesh_914,132.79182516161583
full_heart_mesh_915,122.94725096574453
full_heart_mesh_916,104.7918162069473
full_heart_mesh_917,122.7847658761624
full_heart_mesh_918,130.1787262083157
full_heart_mesh_919,143.25771485278787
full_heart_mesh_920,116.53940659592202
full_heart_mesh_921,120.62924383609045
full_heart_mesh_922,136.71883958047943
full_heart_mesh_923,137.13299964180644
full_heart_mesh_924,121.77428739279638
full_heart_mesh_925,120.26798106302502
full_heart_mesh_926,105.11273879748042
full_heart_mesh_927,130.8602650229687
full_heart_mesh_928,139.0405610838234
full_heart_mesh_929,124.72001653308286
full_heart_mesh_930,144.49976917431007
full_heart_mesh_931,107.6356435374208
full_heart_mesh_932,142.07389318905666
full_heart_mesh_933,140.67029256003016
full_heart_mesh_934,104.36537586228691
full_heart_mesh_935,129.3499676801169
full_heart_mesh_936,132.64036088717566
full_heart_mesh_937,127.54726118272866
full_heart_mesh_938,121.51873858488473
full_heart_mesh_939,124.82642472380246
full_heart_mesh_940,139.03479247926592
full_heart_mesh_941,132.10111772478413
full_heart_mesh_942,116.31133801822021
full_heart_mesh_943,147.35612086738146
full_heart_mesh_944,126.89390711346681
full_heart_mesh_945,130.88145414716936
full_heart_mesh_946,135.5277500693
full_heart_mesh_947,131.90770595252005
full_heart_mesh_948,144.99524861007887
full_heart_mesh_949,103.29772329769753
full_heart_mesh_950,137.2240852206878
full_heart_mesh_951,146.05448987357235
full_heart_mesh_952,137.84402321926007
full_heart_mesh_953,119.89405009294369
full_heart_mesh_954,115.38389187964214
full_heart_mesh_955,138.94125095601473
full_heart_mesh_956,108.76581689141325
full_heart_mesh_957,139.6401326278749
full_heart_mesh_958,121.89776106432109
full_heart_mesh_959,140.96118006201795
full_heart_mesh_960,148.48380213133834
full_heart_mesh_961,111.69221863856549
full_heart_mesh_962,128.56724080765116
full_heart_mesh_963,119.47983522628027
full_heart_mesh_964,135.43469771768252
full_heart_mesh_965,122.98742275519787
full_heart_mesh_966,142.61646453750157
full_heart_mesh_967,144.90856274004182
full_heart_mesh_968,104.645531244981
full_heart_mesh_969,105.7931214811159
full_heart_mesh_970,124.5381792481074
full_heart_mesh_971,149.82900466520258
full_heart_mesh_972,138.51859300366178
full_heart_mesh_973,122.67859842874326
full_heart_mesh_974,150.67881757175513
full_heart_mesh_975,120.55105556397284
full_heart_mesh_976,138.44421485414853
full_heart_mesh_977,133.44109006181654
full_heart_mesh_978,144.4153572907343
full_heart_mesh_979,124.82061845048636
full_heart_mesh_980,105.1146015056689
full_heart_mesh_981,122.52440650738856
full_heart_mesh_982,148.68950298339212
full_heart_mesh_983,107.45103466731248
full_heart_mesh_984,122.80702233063718
full_heart_mesh_985,134.79939148251046
full_heart_mesh_986,111.95638499223327
full_heart_mesh_987,146.03051621537918
full_heart_mesh_988,134.7463790407377
full_heart_mesh_989,124.67456419585245
full_heart_mesh_990,121.14502325380779
full_heart_mesh_991,109.53994410031196
full_heart_mesh_992,124.2009539023885
full_heart_mesh_993,115.36368207571236
full_heart_mesh_994,122.20768045132188
full_heart_mesh_995,129.86351303120014
full_heart_mesh_996,144.6928880833514
full_heart_mesh_997,112.1636076130544
full_heart_mesh_998,108.46768536825041
full_heart_mesh_999,131.76512044754332
full_heart_mesh_1000,126.82952017621432
